{"accuracy": 0.7333333333333333, "f1_score": 0.6, "classification_report": {"0": {"precision": 0.7111111111111111, "recall": 0.9142857142857143, "f1-score": 0.8, "support": 35.0}, "1": {"precision": 0.8, "recall": 0.48, "f1-score": 0.6, "support": 25.0}, "accuracy": 0.7333333333333333, "macro avg": {"precision": 0.7555555555555555, "recall": 0.6971428571428571, "f1-score": 0.7, "support": 60.0}, "weighted avg": {"precision": 0.7481481481481481, "recall": 0.7333333333333333, "f1-score": 0.7166666666666667, "support": 60.0}}}